{"cameraMode":{"drawMode":0,"name":"Shaded","section":"Shading Mode"},"sceneLighting":false,"audioPlay":false,"sceneViewState":{"m_AlwaysRefresh":false,"showFog":true,"showSkybox":false,"showFlares":true,"showImageEffects":true,"showParticleSystems":true,"showVisualEffectGraphs":true,"m_FxEnabled":true},"in2DMode":false,"pivot":{"x":-0.2926816940307617,"y":0.10279476642608643,"z":0.47479188442230227},"rotation":{"x":0.18654368817806245,"y":0.3561171293258667,"z":-0.07278328388929367,"w":0.9127352833747864},"size":1.2247449159622193,"orthographic":false}